,sentiment,message,tweetid,text,is_retweet,is_quoted,quoted_text,date_time,retweets,favorites,hashtags,followers,verified,location,coordinate,language
21792,1,"@TJackson432 @RichardDawkins Also, when something has scientific consensus that human influence on climate change h‚Ä¶ https://t.co/0STzfH2p5u",869919443459211264,"@TJackson432 @RichardDawkins Also, when something has scientific consensus that human influence on climate change h‚Ä¶ https://t.co/0STzfH2p5u",False,False,,2017-05-31 14:12:12,0,0,[],312,False,UK,,en
21793,1,"RT @Mikel_Jollett: The Entire Scientific Establishment: Save the planet from global warming!

Some Random Reality TV Show Host: nah.",869922348014632960,n,n,n,n,n,-999,-999,n,-999,-999,n,-999.0,n
21794,1,"RT @mmfa: In short, the media's climate change coverage is a disaster of historical proportions. https://t.co/etot6d9WC2",869923376630042624,"RT @mmfa: In short, the media's climate change coverage is a disaster of historical proportions. https://t.co/etot6d9WC2",True,False,,2017-05-31 14:27:50,97,157,[],409313,True,"Washington, DC",,en
21795,-1,RT @USS_Armageddon: https://t.co/GhjLehYyuA Good. It's a scam anyway. The anthropogenic hypothesis of global warming (which is now called c‚Ä¶,869925572729856000,RT @USS_Armageddon: https://t.co/GhjLehYyuA Good. It's a scam anyway. The anthropogenic hypothesis of global warming (which is now called c‚Ä¶,True,False,,2017-05-31 14:36:33,1,1,[],19,False,Nowhere. Everywhere.,,en
21796,1,RT @wckd_nwt: the fact that teenagers are more educated on the subject of climate change than the potus is honestly terrifying #ParisAgree‚Ä¶,869926596278398976,RT @wckd_nwt: the fact that teenagers are more educated on the subject of climate change than the potus is honestly terrifying  #ParisAgree‚Ä¶,True,False,,2017-05-31 14:40:37,1,2,"[{'text': 'ParisAgreement', 'indices': [114, 129]}]",1241,False,‡•™,,en
21797,2,"Tackling climate change will boost economic growth, OECD says https://t.co/p0sIYbiuyX",869930714183151616,"Tackling climate change will boost economic growth, OECD says https://t.co/p0sIYbiuyX",False,False,,2017-05-31 14:56:59,0,0,[],13,False,Virginia,,en
21798,0,@GingerConstruct Wasn't she and her husband supposed to save the world by focusing on climate change with her father?,869931731662512128,@GingerConstruct Wasn't she and her husband supposed to save the world by focusing on climate change with her father?,False,False,,2017-05-31 15:01:02,0,1,[],949,False,,,en
21799,1,@realDonaldTrump Congratulations on escalating the real threat that is global warming. You might not care but some‚Ä¶ https://t.co/ABaFAk2oiW,869933939753865216,@realDonaldTrump Congratulations on escalating the real threat that is global warming. You might not care but some‚Ä¶ https://t.co/ABaFAk2oiW,False,False,,2017-05-31 15:09:48,0,0,[],191,False,,,en
21800,2,RT @motherboard: New simulations predict the United States' coming climate change mass migration: https://t.co/DkxlOtgNlk https://t.co/pY4J‚Ä¶,869934960982892545,n,n,n,n,n,-999,-999,n,-999,-999,n,-999.0,n
21801,1,RT @PeteButtigieg: Last year's flood disaster was likely South Bend's first serious taste of climate change. More will come. Pulling out of‚Ä¶,869936051544096768,RT @PeteButtigieg: Last year's flood disaster was likely South Bend's first serious taste of climate change. More will come. Pulling out of‚Ä¶,True,False,,2017-05-31 15:18:11,98,471,[],1585228,True,"South Bend, Indiana",,en
21802,1,RT @RogueSNRadvisor: Pres is a total moron when it comes to climate change (and in general). Says polar bears 'will just turn brown' if Arc‚Ä¶,869938899824640001,"RT @RogueSNRadvisor: Pres is a total moron when it comes to climate change (and in general). Says polar bears ""will just turn brown"" if Arc‚Ä¶",True,False,,2017-05-31 15:29:31,1234,2244,[],208610,False,Hot Take City,,en
21803,2,RT @SecretsBedard: Trump chooses Mitch McConnell over Ivanka on Paris climate change deal https://t.co/GfTJOsv9Js via @dcexaminer,869941055227129856,n,n,n,n,n,-999,-999,n,-999,-999,n,-999.0,n
21804,1,RT @c40cities: US Mayors are committed to urgent and impactful action on climate change! #Cities4Climate #ParisAgreement https://t.co/qMep5‚Ä¶,869942067782221824,RT @c40cities: US Mayors are committed to urgent and impactful action on climate change! #Cities4Climate #ParisAgreement https://t.co/qMep5‚Ä¶,True,False,,2017-05-31 15:42:06,37,32,"[{'text': 'Cities4Climate', 'indices': [74, 89]}, {'text': 'ParisAgreement', 'indices': [90, 105]}]",95705,True,Global,,en
21805,1,"RT @RealFedCo: The first question to ask isn't 'Is climate change real?'
It's 'Does the federal gov have the power to regulate it?'
https:/‚Ä¶",869944240222109697,"RT @RealFedCo: The first question to ask isn't ""Is climate change real?""
It's ""Does the federal gov have the power to regulate it?""
https:/‚Ä¶",True,False,,2017-05-31 15:50:44,10,9,[],1587,False,United States,,en
21806,1,RT @Dorofcalif: GOP congressman: God will 'take care of' climate change if it exists https://t.co/K1NjJzZue8 via @HuffPostPolYO I HAVE SOME‚Ä¶,869945219227299840,n,n,n,n,n,-999,-999,n,-999,-999,n,-999.0,n
21807,1,"RT @LivingBlueinRed: Gee a bunch of 70 year old rich white guys aren't worried about climate change and the fate of the planet. 
Go figure.",869947211760766976,"RT @LivingBlueinRed: Gee a bunch of 70 year old rich white guys aren't worried about climate change and the fate of the planet. 
Go figure.",True,False,,2017-05-31 16:02:32,143,318,[],13800,False,United States,,en
21808,2,"RT @CollinEatonHC: In advisory vote, 62.3% of Exxon shareholders voted for $XOM to publish report on climate change impact on value of oil‚Ä¶",869950349246963713,"RT @CollinEatonHC: In advisory vote, 62.3% of Exxon shareholders voted for $XOM to publish report on climate change impact on value of oil‚Ä¶",True,False,,2017-05-31 16:15:00,2,3,[],9942,True,"Houston, TX",,en
21809,1,RT @LibDems: Why isn‚Äôt Theresa May challenging Trump on climate change? The future of the planet depends on it. https://t.co/RKcbiYPHXl,869958403032047616,RT @LibDems: Why isn‚Äôt Theresa May challenging Trump on climate change? The future of the planet depends on it. https://t.co/RKcbiYPHXl,True,False,,2017-05-31 16:47:00,230,276,[],323282,True,United Kingdom,,en
21810,-1,"Without global warming no need for global taxes to fight it.
No taxes no World wide gov!

https://t.co/hlKFLeHwWF... https://t.co/l2eqbkZKmO",869958428776476672,"Without global warming no need for global taxes to fight it.
No taxes no World wide gov!

https://t.co/hlKFLeHwWF... https://t.co/l2eqbkZKmO",False,False,,2017-05-31 16:47:07,1,2,[],14669,False,"Florida, USA or Idaho",,en
21811,1,RT @RogueSNRadvisor: Pres' stance on climate change will go down as the worst aspect of his presidency - and that's saying something. Disgr‚Ä¶,869961539947827200,RT @RogueSNRadvisor: Pres' stance on climate change will go down as the worst aspect of his presidency - and that's saying something. Disgr‚Ä¶,True,False,,2017-05-31 16:59:28,938,2815,[],208610,False,Hot Take City,,en
21812,1,RT @washingtonpost: Opinions: Another deadly consequence of climate change: The spread of dangerous diseases https://t.co/enXD0TYSzP,869962512497729536,n,n,n,n,n,-999,-999,n,-999,-999,n,-999.0,n
21813,-1,"@thehill Dear Anti-Semitic #UnitedNations,
If #CO2 causes 'climate change' then OUTLAW petroleum.‚Ä¶ https://t.co/as31ari4A7",869974197476278273,"@thehill Dear Anti-Semitic #UnitedNations,
If #CO2 causes ""climate change"" then OUTLAW petroleum.‚Ä¶ https://t.co/as31ari4A7",False,False,,2017-05-31 17:49:46,1,0,"[{'text': 'UnitedNations', 'indices': [27, 41]}, {'text': 'CO2', 'indices': [46, 50]}]",10854,False,ŒúŒüŒõŒ©Œù ŒõŒëŒíŒï,,en
21814,1,"RT @paulkrugman: As the probability of civilization-ending climate change rises, a special shout-out to all those who helped make it possib‚Ä¶",869975151558787074,"RT @paulkrugman: As the probability of civilization-ending climate change rises, a special shout-out to all those who helped make it possib‚Ä¶",True,False,,2017-05-31 17:53:34,751,1713,[],4551872,True,New York City,,en
21815,1,"@climatebrad @elonmusk Musk prioritizes NewSpace over environment - look at him fundraise for climate change deniers
https://t.co/0QZs4nzVUD",869977248585072640,"@climatebrad @elonmusk Musk prioritizes NewSpace over environment - look at him fundraise for climate change deniers
https://t.co/0QZs4nzVUD",False,False,,2017-05-31 18:01:54,0,0,[],223,False,"Goat Hill, California",,en
21816,0,"RT @elimeixler: .@AJEnglish appears to have taken down a heinously anti-Semitic tweet about climate change denial. 
Cuz deleting me‚Ä¶",869983833747324928,"RT @elimeixler: .@AJEnglish appears to have taken down a heinously anti-Semitic tweet about climate change denial. 
Cuz deleting means it's‚Ä¶",True,False,,2017-05-31 18:28:04,314,326,[],2730,False,Hong Kong,,en
21817,-1,@RobertWoodham2 @EcoSexuality @peter_upfield @peidays306 @realDonaldTrump Very true - we have to get out - global warming is a hoax -,869984920441159680,@RobertWoodham2 @EcoSexuality @peter_upfield @peidays306 @realDonaldTrump Very true - we have to get out - global warming  is a hoax -,False,False,,2017-05-31 18:32:23,0,0,[],2799,False,Florida,,en
21818,-1,"RT @hboulware: To be clear, if you lecture me about the dangers of climate change and then deny a human fetus is human I‚Äôm going to mock yo‚Ä¶",869984930054393856,n,n,n,n,n,-999,-999,n,-999,-999,n,-999.0,n
21819,2,RT @HuffPostPol: GOP congressman: God will 'take care of' climate change if it exists https://t.co/qOAc21tu1I https://t.co/Op3ISrm6H1,869989460187860992,n,n,n,n,n,-999,-999,n,-999,-999,n,-999.0,n
21820,1,"RT @mattmfm: Trump doesn't believe in climate change, is taking health coverage from 24M people, and under FBI investigation, but sure, foc‚Ä¶",869991748335837185,n,n,n,n,n,-999,-999,n,-999,-999,n,-999.0,n
21821,1,"RT @ciarakellydoc: Definition of #covfefe ?
= massive distraction from US pulling out of Paris climate change agreement",869993863942995970,n,n,n,n,n,-999,-999,n,-999,-999,n,-999.0,n
21822,1,RT @UNDPasiapac: Afghan farmer are suffering the impacts of climate change. The Ministry of Agriculture &amp; UNDP are helping them adap‚Ä¶,869999002288357376,RT @UNDPasiapac: Afghan farmer are suffering the impacts of climate change. The Ministry of Agriculture &amp; UNDP are helping them adapt https‚Ä¶,True,False,,2017-05-31 19:28:20,2,4,[],33652,True,"Bangkok, Thailand",,en
21823,2,RT @TIMEPolitics: Republican congressman says God will 'take care of' climate change https://t.co/NyPvaAqIBJ via @mahitagajanan,869999055664947200,"RT @TIMEPolitics: Republican congressman says God will ""take care of"" climate change https://t.co/NyPvaAqIBJ via @mahitagajanan",True,False,,2017-05-31 19:28:33,97,69,[],49887,True,,,en
21824,2,RT @TIME: Republican congressman says God will 'take care of' climate change https://t.co/MUZ11hw7Dy,870000129331175424,"RT @TIME: Republican congressman says God will ""take care of"" climate change https://t.co/MUZ11hw7Dy",True,False,,2017-05-31 19:32:49,168,177,[],16531520,True,,,en
21825,2,RT @USATODAY: Elon Musk: I'm out of Trump council if Paris climate change deal dies https://t.co/9FCmlPp0di https://t.co/N5QfMdrC2U,870001248337928193,RT @USATODAY: Elon Musk: I'm out of Trump council if Paris climate change deal dies https://t.co/9FCmlPp0di https://t.co/N5QfMdrC2U,True,False,,2017-05-31 19:37:16,144,249,[],3954439,True,"USA TODAY HQ, McLean, Va.",,en
21826,0,Not a single mention of China inventing climate change. Fake news!!! #BBCDebate #LeadersDebate,870002363637092362,Not a single mention of China inventing climate change. Fake news!!! #BBCDebate #LeadersDebate,False,False,,2017-05-31 19:41:42,0,0,"[{'text': 'BBCDebate', 'indices': [69, 79]}, {'text': 'LeadersDebate', 'indices': [80, 94]}]",75,False,,,en
21827,0,"RT @Peston: Is anyone going to defend Trump withdrawal from Paris Accord on climate change? Ah yes, @paulnuttallukip",870003585626648582,"RT @Peston: Is anyone going to defend Trump withdrawal from Paris Accord on climate change? Ah yes, @paulnuttallukip",True,False,,2017-05-31 19:46:33,212,442,[],1038227,True,,,en
21828,0,RT @Wokieleaksalt: This is being completely misinterpreted. They were pointing out *other peoples'* climate change conspiracy theorie‚Ä¶,870003594321313792,n,n,n,n,n,-999,-999,n,-999,-999,n,-999.0,n
21829,1,"RT @make5calls: OPPOSE THE US WITHDRAWAL FROM THE #PARISAGREEMENT -- We must join the global fight against climate change ÔøΩÔøΩÔøΩÔøΩÔøΩÔøΩ
‚òéÔ∏è:‚Ä¶",870003606052884480,"RT @make5calls: OPPOSE THE US WITHDRAWAL FROM THE #PARISAGREEMENT -- We must join the global fight against climate change üåøüåçüåÑ
‚òéÔ∏è: https://t‚Ä¶",True,False,,2017-05-31 19:46:38,249,221,"[{'text': 'PARISAGREEMENT', 'indices': [34, 49]}]",33322,True,,,en
21830,1,"RT @RonaldKlain: As Trump decides on Paris, @BrianCDeese &amp; I team up in @washingtonpost to warn about climate change and epidemics: https:‚Ä¶",870004832827985920,"RT @RonaldKlain: As Trump decides on Paris, @BrianCDeese &amp; I team up in  @washingtonpost to warn about climate change and epidemics: https:‚Ä¶",True,False,,2017-05-31 19:51:30,633,668,[],109005,True,"Washington, DC",,en
21831,-1,RT @mitchellvii: Isn't it ironic that every single 'solution' to climate change reads like a laundry list of Liberal priorities? Funny coi‚Ä¶,870008227337052160,"RT @mitchellvii: Isn't it ironic that every single ""solution"" to climate change reads like a laundry list of Liberal priorities?  Funny coi‚Ä¶",True,False,,2017-05-31 20:05:00,868,1634,[],508223,True,"Miami, FL",,en
21832,1,Mr. Trump @realDonaldTrump: you may not believe in climate change but your insurance company does. Be a businessman,870009465407406080,n,n,n,n,n,-999,-999,n,-999,-999,n,-999.0,n
21833,1,"RT @ossoff: If we walk away from our #ParisAgreement commitments to reduce carbon emissions &amp; help fight climate change, histor‚Ä¶",870009469576634368,"RT @ossoff: If we walk away from our #ParisAgreement commitments to reduce carbon emissions &amp; help fight climate change, history will conde‚Ä¶",True,False,,2017-05-31 20:09:56,5426,10273,"[{'text': 'ParisAgreement', 'indices': [25, 40]}]",113644,True,"Georgia, USA",,en
21834,-1,"RT @MarkYoungTruth: Wow, now Hillary is blaming the DNC? It's only a matter of time before she blames global warming and Bigfoot. Dems‚Ä¶",870009485862944769,"RT @MarkYoungTruth: Wow, now Hillary is blaming the DNC? It's only a matter of time before she blames global warming and Bigfoot. Dems now‚Ä¶",True,False,,2017-05-31 20:10:00,407,826,[],96037,False,"Detroit, MI, Tampa, FL",,en
21835,2,Government scientists say climate change could wipe out U.S. coral reefs in just a few decades. https://t.co/NcQE8Q8qF4,870012688742719488,n,n,n,n,n,-999,-999,n,-999,-999,n,-999.0,n
21836,0,@StJohnsSE19 climate change comments from #candidates2017 https://t.co/B9z2XxgXoS,870012727128870912,@StJohnsSE19 climate change comments from #candidates2017 https://t.co/B9z2XxgXoS,False,False,,2017-05-31 20:22:52,1,0,"[{'text': 'candidates2017', 'indices': [42, 57]}]",559,False,"London, England",,fr
21837,0,"@shannoncoulter As world leaders fly private jets, limos to talk about climate change... Tell me what verifiable be‚Ä¶ https://t.co/xN9K9pz6lU",870021009847402496,n,n,n,n,n,-999,-999,n,-999,-999,n,-999.0,n
21838,1,@BBCBreaking Not good Mr president. climate change is for real,870032255112138752,@BBCBreaking Not good Mr president. climate change is for real,False,False,,2017-05-31 21:40:28,0,0,[],91,False,Lilongwe,,en
21839,1,@JasonBordoff @StevenMufson Shareholders instruct Exxon to recognise that fighting climate change affects their bus‚Ä¶ https://t.co/wBcdyfSaGX,870033336353337344,@JasonBordoff @StevenMufson Shareholders instruct Exxon to recognise that fighting climate change affects their bus‚Ä¶ https://t.co/wBcdyfSaGX,False,False,,2017-05-31 21:44:46,0,0,[],238,False,The Delta quadrant.,,en
21840,1,"RT @Agent350: 400,000 deaths a year are linked to climate change. Trump exiting the #ParisAgreement is a humanitarian crisis. https://t.co/‚Ä¶",870033368976691207,"RT @Agent350: 400,000 deaths a year are linked to climate change. Trump exiting the #ParisAgreement is a humanitarian crisis. https://t.co/‚Ä¶",True,False,,2017-05-31 21:44:54,116,104,"[{'text': 'ParisAgreement', 'indices': [70, 85]}]",15947,False,"Salt Lake City, UT",,en
21841,2,RT @FT: China and the EU have forged an alliance to combat climate change to counter any US retreat from the Paris accord‚Ä¶,870036550465335297,RT @FT: China and the EU have forged an alliance to combat climate change to counter any US retreat from the Paris accord https://t.co/Vw00‚Ä¶,True,False,,2017-05-31 21:57:32,53,53,[],3811866,True,London,,en
21842,1,"RT @la__dee__da: If you live in Miami and don't believe in climate change, there's something wrong with you. (Cough cough @tedcruz)",870038552276545536,"RT @la__dee__da: If you live in Miami and don't believe in climate change, there's something wrong with you. (Cough cough @tedcruz)",True,False,,2017-05-31 22:05:30,4,0,[],417,False,718 to 305,,en
21843,1,RT @janosrauhler: climate change is legit a problem why does no one take it seriously,870040631611207681,n,n,n,n,n,-999,-999,n,-999,-999,n,-999.0,n
21844,0,"@Diplomat655 @WiserThanIWasB4 @LuEleison @elusivemoby Actually made it for the climate change video they made.
Frie‚Ä¶ https://t.co/ECfITk1FPo",870047331873411073,n,n,n,n,n,-999,-999,n,-999,-999,n,-999.0,n
21845,1,@senronjohnson - from a voter in your district: please consider Carbon Fee and Dividend to address #climate change. @citizensclimate,870047365356453891,@senronjohnson  - from a voter in your district: please consider Carbon Fee and Dividend to address #climate change. @citizensclimate,False,False,,2017-05-31 22:40:31,0,0,"[{'text': 'climate', 'indices': [100, 108]}]",0,False,,,en
21846,1,"RT @antonioguterres: I call on world leaders, business &amp; civil society to take ambitious action on climate change. https://t.co/wl19gZYecm",870049580485836800,"RT @antonioguterres: I call on world leaders, business &amp; civil society to take ambitious action on climate change. https://t.co/wl19gZYecm",True,False,,2017-05-31 22:49:19,1385,1847,[],723919,True,,,en
21847,1,@CMSH1969 @JohnKasich The 'deal' is about how the entire world is effected by climate change. It's unfortunate that‚Ä¶ https://t.co/qUFqffl9KF,870050844573548544,@CMSH1969 @JohnKasich The 'deal' is about how the entire world is effected by climate change. It's unfortunate that‚Ä¶ https://t.co/qUFqffl9KF,False,False,,2017-05-31 22:54:20,0,0,[],272,False,,,en
21848,0,"RT @IvanVos1: Britney combined global warming and Lady Gaga into one tweet, WHEN WILL YOUR FAVE?",870051880113754112,"RT @IvanVos1: Britney combined global warming and Lady Gaga into one tweet, WHEN WILL YOUR FAVE?",True,False,,2017-05-31 22:58:27,1,0,[],2602,False,"Cape Town, South Africa",,en
21849,2,"Shareholders force ExxonMobil to come clean on cost of climate change
FŒº¬©‚Ç¨ Trump &amp; RexTillerson
https://t.co/qiKZ5cZlab",870061664774889474,"Shareholders force ExxonMobil to come clean on cost of climate change
FŒº¬©‚Ç¨ Trump &amp; RexTillerson
https://t.co/qiKZ5cZlab",False,False,,2017-05-31 23:37:20,0,0,[],8,False,"New York, NY",,en
21850,1,RT @MarkRuffalo: Existential threat! U.S. needs to accelerate growth in green jobs by treating climate change like the crisis of WWII https‚Ä¶,870065854553128960,RT @MarkRuffalo: Existential threat! U.S. needs to accelerate growth in green jobs by treating climate change like the crisis of WWII https‚Ä¶,True,False,,2017-05-31 23:53:59,312,740,[],6346476,True,NYS,,en
21851,1,Way to go Blackrock! Financial firms lead shareholder against Exxon Mobile and their climate change policies! https://t.co/h0KlhENvAX,870066942761160705,n,n,n,n,n,-999,-999,n,-999,-999,n,-999.0,n
21852,1,"@MarkHertling @barbarastarrcnn @CNNPolitics Person associates climate change agreement with Obama, hence, it must g‚Ä¶ https://t.co/MQiuyHDTzt",870069167029972992,"@MarkHertling @barbarastarrcnn @CNNPolitics Person associates climate change agreement with Obama, hence, it must g‚Ä¶ https://t.co/MQiuyHDTzt",False,False,,2017-06-01 00:07:09,0,0,[],507,False,"Florida, USA",,en
21853,1,"RT @exinkygal: .@SenToomey Please make clear to .@POTUS that climate change is real. Green jobs matter. Stop hurting Americans health, econ‚Ä¶",870075395906908160,"RT @exinkygal: .@SenToomey Please make clear to .@POTUS that climate change is real. Green jobs matter. Stop hurting Americans health, econ‚Ä¶",True,False,,2017-06-01 00:31:54,2,2,[],907,False,"Philadelphia, PA",,en
21854,1,"@SFCFinance Hey! We have a new board for bouncing ideas on climate change, are you interested? https://t.co/LTVC09rfhf",870077321797128192,n,n,n,n,n,-999,-999,n,-999,-999,n,-999.0,n
21855,-1,Lol global warming isn't real. RIP to the dock. https://t.co/izt7d5SeGX,870078373204156418,Lol global warming isn't real. RIP to the dock. https://t.co/izt7d5SeGX,False,False,,2017-06-01 00:43:44,0,0,[],311,False,,,en
21856,1,RT @treubold: The connection between meat and climate change. Great visual explainer by @CivilEats https://t.co/DnwJRtvmtI,870080489662447616,RT @treubold: The connection between meat and climate change. Great visual explainer by @CivilEats https://t.co/DnwJRtvmtI,True,False,,2017-06-01 00:52:08,13,18,[],3741,False,"St Paul, MN, USA",,en
21857,2,"Roughly 4-in-10 Americans expect harmful effects from climate change on wildlife, shorelines and weather patterns‚Ä¶ https://t.co/lmV9T9nbLc",870088512229576704,"Roughly 4-in-10 Americans expect harmful effects from climate change on wildlife, shorelines and weather patterns‚Ä¶ https://t.co/lmV9T9nbLc",False,False,,2017-06-01 01:24:01,25,19,[],409331,True,"Washington, DC",,en
21858,0,RT @srpeatling: . @SenatorHume: 'Perhaps Senator Rice can enlighten us as to which piece of anatomy really does cause climate change.',870089532497997824,"RT @srpeatling: . @SenatorHume: ""Perhaps Senator Rice can enlighten us as to which piece of anatomy really does cause climate change.""",True,False,,2017-06-01 01:28:04,5,2,[],21427,False,Canberra,,en
21859,1,"RT @Realityshaken: Trump doesn't understand, or care about, climate change, Paris Agreement, or the future. #parisclimateagreement 
https:‚Ä¶",870094066134003713,n,n,n,n,n,-999,-999,n,-999,-999,n,-999.0,n
21860,1,"RT @NatGeo: Bringing together geologists, engineers, agronomists and more, this book offers 100 solutions for global warming https://t.co/p‚Ä¶",870095220066500609,n,n,n,n,n,-999,-999,n,-999,-999,n,-999.0,n
21861,-1,RT @mitchellvii: Did the climate change before man? Then how do you know it's our fault now? Post hoc fallacy. Google it.,870103645232271360,RT @mitchellvii: Did the climate change before man? Then how do you know it's our fault now? Post hoc fallacy.  Google it.,True,False,,2017-06-01 02:24:09,266,661,[],508223,True,"Miami, FL",,en
21862,-1,@realDonaldTrump An important issue and one of many reason I back you. Please DON'T do global warming crap,870107875649216516,@realDonaldTrump An important issue and one of many reason I back you. Please DON'T do global warming crap,False,False,,2017-06-01 02:40:58,0,0,[],150,False,Nashville IN,,en
21863,1,RT @JasonKander: God gave us the brainpower to understand climate change and enough natural resources to take care of it. God is wai‚Ä¶,870111930362585091,RT @JasonKander: God gave us the brainpower to understand climate change and enough natural resources to take care of it. God is waiting on‚Ä¶,True,False,,2017-06-01 02:57:04,2038,5617,[],334638,True,"Kansas City, MO",,en
21864,1,"@TimWattsMP Isn't that part of the Secret Coalition agreement ?
To do as little as possible/thwart climate change policy
 #auspol",870114160201183232,"@TimWattsMP Isn't that part of the Secret Coalition agreement ?
To do as little as possible/thwart climate change policy
 #auspol",False,False,,2017-06-01 03:05:56,0,0,"[{'text': 'auspol', 'indices': [122, 129]}]",2000,False,York WA,,en
21865,1,Y'all climate change is real like idek how this is still a debate ÔøΩÔøΩÔøΩÔøΩ,870121027816312833,Y'all climate change is real like idek how this is still a debate üôÑüò©,False,False,,2017-06-01 03:33:13,0,1,[],449,False,"Missouri, USA",,en
21866,2,RT @Slate: Trump can‚Äôt stop corporate America from fighting climate change: https://t.co/kzjle6DPWj https://t.co/9yYYcd38jN,870125173575344130,RT @Slate: Trump can‚Äôt stop corporate America from fighting climate change: https://t.co/kzjle6DPWj https://t.co/9yYYcd38jN,True,False,,2017-06-01 03:49:42,58,126,[],1792347,True,,,en
21867,0,"RT @sbpdl: If you want to see real climate change, look at 90% white Detroit in 1940 versus 7% white Detroit in 2017.... Demography is dest‚Ä¶",870128041296572416,n,n,n,n,n,-999,-999,n,-999,-999,n,-999.0,n
21868,0,RT @thoneycombs: i don't really fuck with climate change analysis centered around how 'humans are a plague on the earth' or whatever,870128042588483585,n,n,n,n,n,-999,-999,n,-999,-999,n,-999.0,n
21869,-1,RT @worldnetdaily: 'The 'climate change' mantra has always been about promoting two things ‚Äì global governance unaccountable to the... http‚Ä¶,870132135230939136,"RT @worldnetdaily: ""The 'climate change' mantra has always been about promoting two things ‚Äì global governance unaccountable to the... http‚Ä¶",True,False,,2017-06-01 04:17:21,68,72,[],76708,True,,,en
21870,2,RT @WIRED: This is what pulling out of the Paris Agreement means for climate change‚Äîand America https://t.co/HYlt4LTyzn,870136462792040449,RT @WIRED: This is what pulling out of the Paris Agreement means for climate change‚Äîand America https://t.co/HYlt4LTyzn,True,False,,2017-06-01 04:34:33,104,104,[],10417181,True,San Francisco/New York,,en
21871,0,#IGES exchanged the views on climate change policy with #Tsinghua Unveristy. IGES and Tsinghua started the research‚Ä¶ https://t.co/Pxs4RDQEHN,870144877836648448,#IGES exchanged the views on climate change policy with #Tsinghua Unveristy. IGES and Tsinghua started the research‚Ä¶ https://t.co/Pxs4RDQEHN,False,False,,2017-06-01 05:08:00,0,0,"[{'text': 'IGES', 'indices': [0, 5]}, {'text': 'Tsinghua', 'indices': [56, 65]}]",846,False,Japan,,en
21872,1,"RT @McFaul: Please @realDonaldTrump , study the long term implications of climate change. I know you care about conflict &amp; mig‚Ä¶",870154694248849408,"RT @McFaul: Please @realDonaldTrump , study the long term implications of climate change.  I know you care about conflict &amp; migration issue‚Ä¶",True,False,,2017-06-01 05:47:00,122,315,[],445011,True,"Stanford, California",,en
21873,1,One can only hope that the little we are doing to prevent climate change isn't decimated tomorrow. https://t.co/ZdfKn3ttLR,870155688839966723,n,n,n,n,n,-999,-999,n,-999,-999,n,-999.0,n
21874,0,RT @JoshButler: FFS I look away from Twitter for FIVE MINUTES and Malcolm Roberts starts talking about dicks and climate change,870156860803895296,RT @JoshButler: FFS I look away from Twitter for FIVE MINUTES and Malcolm Roberts starts talking about dicks and climate change,True,False,,2017-06-01 05:55:37,96,239,[],22033,True,"Sydney, Australia",,en
21875,0,RT @DavidCornDC: Will White House break out the champagne popsicles to celebrate withdrawing from the Paris climate change accord?,870164549663588352,RT @DavidCornDC: Will White House break out the champagne popsicles to celebrate withdrawing from the Paris climate change accord?,True,False,,2017-06-01 06:26:10,1670,4833,[],790942,True,"Washington, DC",,en
21876,1,Because climate change is a game show. https://t.co/7t1RQMuBbh,870166808673882112,n,n,n,n,n,-999,-999,n,-999,-999,n,-999.0,n
21877,1,"RT @bani_amor: Contacting reps isn't enough. If yr tryna make sense of climate change, race, place, class,+gender, here's some help https:/‚Ä¶",870167955539099648,"RT @bani_amor: Contacting reps isn't enough. If yr tryna make sense of climate change, race, place, class,+gender, here's some help https:/‚Ä¶",True,False,,2017-06-01 06:39:42,5,10,[],5393,False,"Jackson Heights, Queens",,en
21878,2,RT @NYtitanic1999: @GuyVerhofstadt Boris Johnson thinks no one should tell Donald Trump he's wrong about climate change https://t.co/4Zfs2u‚Ä¶,870170168412033024,n,n,n,n,n,-999,-999,n,-999,-999,n,-999.0,n
21879,1,please send him to Venus so he can experience what global warming really is. no walls can protect him there. right‚Ä¶ https://t.co/vl1NevcQnT,870171444184993792,n,n,n,n,n,-999,-999,n,-999,-999,n,-999.0,n
21880,1,"Human rights, climate change, supply chain, business ethics, CG: most important engagement issues for Swiss investo‚Ä¶ https://t.co/jAY8akxikq",870171446454226947,"Human rights, climate change, supply chain, business ethics, CG: most important engagement issues for Swiss investo‚Ä¶ https://t.co/jAY8akxikq",False,False,,2017-06-01 06:53:34,0,1,[],322,False,,,en
21881,1,"No offense to a good meme, but could y'all chill on the whole #covfefe thing to talk about, you know, the whole climate change business.",870171498597818368,n,n,n,n,n,-999,-999,n,-999,-999,n,-999.0,n
21882,1,"RT @fiona_stout: I don't really care what your political views are, but how can you not 'believe' in global warming. It's not Santa Claus,‚Ä¶",870172571634892800,"RT @fiona_stout: I don't really care what your political views are, but how can you not 'believe' in global warming. It's not Santa Claus,‚Ä¶",True,False,,2017-06-01 06:58:02,10,28,[],1808,False,"New York, USA",,en
21883,2,RT @Joannechocolat: Amber Rudd: We wouldn't consider telling Trump he's wrong about climate change because 'that's not how diplomacy wo‚Ä¶,870173657557086208,RT @Joannechocolat: Amber Rudd: We wouldn't consider telling Trump he's wrong about climate change because 'that's not how diplomacy works.‚Ä¶,True,False,,2017-06-01 07:02:21,173,300,[],69105,True,the Shed,,en
21884,1,"RT @tha_rami: When climate change starts having disastrous effect, I say we jail every person in government voting against climate exactly‚Ä¶",870173715505565696,"RT @tha_rami: When climate change starts having disastrous effect, I say we jail every person in government voting against climate exactly‚Ä¶",True,False,,2017-06-01 07:02:35,205,785,[],163307,True,"30,000ft",,en
21885,1,"RT @NYGovCuomo: With or without Washington, we're working to aggressively fight climate change. #ParisAgreement https://t.co/xXf5N3BcE0",870174877314985984,"RT @NYGovCuomo: With or without Washington, we're working to aggressively fight climate change. #ParisAgreement https://t.co/xXf5N3BcE0",True,False,,2017-06-01 07:07:12,1140,3240,"[{'text': 'ParisAgreement', 'indices': [80, 95]}]",861105,True,New York,,en
21886,1,RT @Jaffe4Congress: I know that climate change is a paramount threat to our future. Time to clean house of polluters' rigged science and bo‚Ä¶,870176077859180546,RT @Jaffe4Congress: I know that climate change is a paramount threat to our future. Time to clean house of polluters' rigged science and bo‚Ä¶,True,False,,2017-06-01 07:11:58,99,189,[],16255,True,"San Francisco, CA",,en
21887,2,ExxonMobil‚Äôs shareholders force the company to confront climate change head on https://t.co/aMZDDaNJF9,870176116086120448,ExxonMobil‚Äôs shareholders force the company to confront climate change head on https://t.co/aMZDDaNJF9,False,False,,2017-06-01 07:12:07,0,0,[],316,False,W. Europe and S. E. Asia,,en
21888,1,Does Trump know or even care that his beloved Mar a Largo estate will be under water without an agreement on climate change !,870177222400856064,Does Trump know or even care that his beloved Mar a Largo estate will be under water without an agreement on climate change !,False,False,,2017-06-01 07:16:31,1,0,[],240,False,"Stanley, England",,en
21889,1,"RT @YesBrexit: Tim Farron: 'There's no bigger threat to our country than climate change.' 

Those suicide oak trees need watching. #BBCDeba‚Ä¶",870178472911622144,"RT @YesBrexit: Tim Farron: ""There's no bigger threat to our country than climate change."" 

Those suicide oak trees need watching. #BBCDeba‚Ä¶",True,False,,2017-06-01 07:21:29,282,451,"[{'text': 'BBCDebate', 'indices': [116, 126]}]",10078,False,Ulsterman in GB,,en
21890,1,The U.S. could learn from China about climate change policy | Opinion https://t.co/1bM4Vb4W7Q,870181973129650176,The U.S. could learn from China about climate change policy | Opinion https://t.co/1bM4Vb4W7Q,False,False,,2017-06-01 07:35:24,0,0,[],1319,False,"Detroit,MI",,en
21891,0,RT @nobby15: IDIOT IN ACTION - One Nation senator Malcolm Roberts asking about the connection between penises and climate change‚Ä¶,870183102433251328,RT @nobby15: IDIOT IN ACTION - One Nation senator Malcolm Roberts asking about the connection between penises and climate change 1 Jun - 20‚Ä¶,True,False,,2017-06-01 07:39:53,1,7,[],8218,False,"Perth, Western Australia",,en
21892,2,Britain urges United States to take climate change seriously - Nasdaq https://t.co/OI169t0O7x #Market #Equity,870184240201310208,Britain urges United States to take climate change seriously - Nasdaq https://t.co/OI169t0O7x #Market #Equity,False,False,,2017-06-01 07:44:24,0,0,"[{'text': 'Market', 'indices': [94, 101]}, {'text': 'Equity', 'indices': [102, 109]}]",7364,False,in transit,,en
21893,1,"RT @Mark_Butler_MP: Why will companies cut pollution under Turnbull Govt? 
Because they're 'good citizens'
Govt's climate change policy‚Ä¶",870184377220685824,"RT @Mark_Butler_MP: Why will companies cut pollution under Turnbull Govt? 
Because they're ""good citizens""
Govt's climate change policy is‚Ä¶",True,False,,2017-06-01 07:44:57,43,24,[],30623,True,"Adelaide, South Australia",,en
21894,2,Will CBA's board vote against financing Adani ‚Äì and against global warming? @CBAnewsroom https://t.co/a3rVHwodtd,870186501430067200,Will CBA's board vote against financing Adani ‚Äì and against global warming? @CBAnewsroom https://t.co/a3rVHwodtd,False,False,,2017-06-01 07:53:23,0,0,[],400,False,Sydney,,en
21895,1,RT @kengarex: This sculpture by Issac Cordal in Berlin is called ‚ÄúPoliticians discussing global warming.‚Äù https://t.co/8liiF1PWul,870186550142750721,n,n,n,n,n,-999,-999,n,-999,-999,n,-999.0,n
21896,-1,RT @MJRLdeGraaff: Global warming is fake! RT World leaders duped by manipulated global warming data https://t.co/dEsGezkkJK via @MailOnline,870195739540025346,n,n,n,n,n,-999,-999,n,-999,-999,n,-999.0,n
21897,2,RT @SafetyPinDaily: The global reaction to Trump's climate change decision | By @ariabendix https://t.co/BdsttMmild,870198216058314753,n,n,n,n,n,-999,-999,n,-999,-999,n,-999.0,n
21898,2,"RT @BBCBreaking: China will honour commitments on climate change, PM says, as US appears poised to pull out of key deal https://t.co/lEVWQ7‚Ä¶",870202719197376512,"RT @BBCBreaking: China will honour commitments on climate change, PM says, as US appears poised to pull out of key deal https://t.co/lEVWQ7‚Ä¶",True,False,,2017-06-01 08:57:50,879,1863,[],41315302,True,"London, UK",,en
21899,0,RT @SocStudyHumBiol: Reminder: abstract deadline for the upcoming #SSHB2017 symposium on 'The human biology of climate change' is 30 Jun‚Ä¶,870202730698158081,"RT @SocStudyHumBiol: Reminder: abstract deadline for the upcoming #SSHB2017 symposium on ""The human biology of climate change"" is 30 June h‚Ä¶",True,False,,2017-06-01 08:57:53,4,0,"[{'text': 'SSHB2017', 'indices': [45, 54]}]",456,False,UK/International,,en
21900,1,RT @SenSherrodBrown: Refusing to act on climate change means allowing severe weather to hurt OH farmers and turning a blind eye to algal bl‚Ä¶,870203925235982337,n,n,n,n,n,-999,-999,n,-999,-999,n,-999.0,n
21901,2,China's Li: fighting climate change is 'global consensus' - Chinese Premier Li Keqiang says fighting climate ch... https://t.co/rw5J3XwfIv,870207702621986816,n,n,n,n,n,-999,-999,n,-999,-999,n,-999.0,n
21902,-1,RT @mitchellvii: Hollywood should lead on climate change by giving up all the comforts of modern life rather than giving speeches from thei‚Ä¶,870210000450461696,n,n,n,n,n,-999,-999,n,-999,-999,n,-999.0,n
21903,2,RT @guardianeco: Shareholders force ExxonMobil to come clean on cost of climate change in 'historic' vote https://t.co/AG77Gz1dbG,870210040527020033,RT @guardianeco: Shareholders force ExxonMobil to come clean on cost of climate change in 'historic' vote https://t.co/AG77Gz1dbG,True,False,,2017-06-01 09:26:56,29,30,[],474710,True,"London, UK",,en
21904,1,"RT @richardbranson: Inspiring trip to #Brazil, discussing business as a force for good, leadership &amp; tackling climate change‚Ä¶",870211128919547904,n,n,n,n,n,-999,-999,n,-999,-999,n,-999.0,n
21905,2,"https://t.co/BuJ3Xb5hNx lllll The UK will continue to lobby the US to take climate change seriously, the Foreign Secretary has said, as th‚Ä¶",870211154290905089,"https://t.co/BuJ3Xb5hNx lllll The UK will continue to lobby the US to take climate change seriously, the Foreign Secretary has said, as th‚Ä¶",False,False,,2017-06-01 09:31:21,0,0,[],1681,False,United Kingdom,,en
21906,2,RT @tveitdal: Exxon shareholders back 'historic' vote on climate requiring the company to assess the risks from climate change.‚Ä¶,870213476656050176,RT @tveitdal: Exxon shareholders back 'historic' vote on climate requiring the company to assess the risks from climate change. https://t.c‚Ä¶,True,False,,2017-06-01 09:40:35,29,42,[],296739,False,"Arendal, Norway",,en
21907,1,"RT @pangsb: @Independent Donald Trump is trying to say if he did not get his way, he will destroy the earth....disregard climate change.",870214627241709568,n,n,n,n,n,-999,-999,n,-999,-999,n,-999.0,n
21908,1,RT @business: The U.S. has a lot to lose by not leading on climate change https://t.co/ismxnHhzpI https://t.co/0AMv4TtALJ,870214693058727936,RT @business: The U.S. has a lot to lose by not leading on climate change https://t.co/ismxnHhzpI https://t.co/0AMv4TtALJ,True,False,,2017-06-01 09:45:25,60,58,[],5802962,True,New York and the World,,en
21909,2,#BreakingNews CHINA CLIMATE CHANGE - China promises to keep up fight against climate change https://t.co/9h3PTOgqPR,870219265940520961,#BreakingNews CHINA CLIMATE CHANGE - China promises to keep up fight against climate change https://t.co/9h3PTOgqPR,False,False,,2017-06-01 10:03:35,0,0,"[{'text': 'BreakingNews', 'indices': [0, 13]}]",5429,False,"NYC, U.S.",,en
21910,1,"RT @SilverAdie: #donaldtrumpis the sociopath pushing global warming 2 the tipping point,leading to human extinction due to ignoranc‚Ä¶",870219311029399552,"RT @SilverAdie: #donaldtrumpis the sociopath pushing global warming 2 the tipping point,leading to human extinction due to ignorance corrup‚Ä¶",True,False,,2017-06-01 10:03:46,307,657,"[{'text': 'donaldtrumpis', 'indices': [0, 14]}]",25545,False,,,en
21911,1,@SenWarren @realDonaldTrump Such a poor decision. Science has proven climate change. The entire world agrees there'‚Ä¶ https://t.co/RJY7WxGbzW,870219317790593024,n,n,n,n,n,-999,-999,n,-999,-999,n,-999.0,n
21912,-1,"RT @mitchellvii: If manmade climate change is real, why all the manipulation of data to prove it?",870220431420162048,"RT @mitchellvii: If manmade climate change is real, why all the manipulation of data to prove it?",True,False,,2017-06-01 10:08:13,490,1041,[],508223,True,"Miami, FL",,en
21913,1,@realDonaldTrump pulling out of Paris deal! He don't give a fuck about climate change he here to snatch America by the Pussy!,870222898979422208,@realDonaldTrump pulling out of  Paris deal! He don't give a fuck about climate change  he here to snatch America by the Pussy!,False,False,,2017-06-01 10:18:01,0,0,[],819,False,Ghetto SupaStar ,,en
21914,1,"RT @RoKhanna: Thanks to Trump, the U.S. now has a more backwards stance on climate change than North Korea. They signed on to the‚Ä¶",870222913814667265,"RT @RoKhanna: Thanks to Trump, the U.S. now has a more backwards stance on climate change than North Korea. They signed on to the #ParisAgr‚Ä¶",True,False,,2017-06-01 10:18:05,711,818,[],178135,True,"Silicon Valley, CA",,en
21915,2,Donald Trump likely to pull out of Paris deal: US states pledge to continue efforts to combat climate change -‚Ä¶‚Ä¶ https://t.co/FkI7wbmHwM,870223926336471044,n,n,n,n,n,-999,-999,n,-999,-999,n,-999.0,n
21916,2,Trump to announce decision on climate change Thursday https://t.co/8DHcsgw7vt https://t.co/0u2U1huE7q,870226139754545152,Trump to announce decision on climate change Thursday https://t.co/8DHcsgw7vt https://t.co/0u2U1huE7q,False,False,,2017-06-01 10:30:54,0,0,[],508,False,USA,,en
21917,1,"RT @UNEP: 'I call on world leaders, business &amp; civil society to take ambitious action on climate change.' - @antonioguterres‚Ä¶",870227126804512768,"RT @UNEP: ""I call on world leaders, business &amp; civil society to take ambitious action on climate change."" - @antonioguterres #ParisAgreemen‚Ä¶",True,False,,2017-06-01 10:34:49,212,227,[],955723,True,"Nairobi, Kenya",,en
21918,0,Comparing what the manifestos say on energy and climate change https://t.co/lPhcgYCuqo Thanks @CarbonBrief #energy #climatechange #GE2017,870227176381198337,Comparing what the manifestos say on energy and climate change https://t.co/lPhcgYCuqo Thanks @CarbonBrief #energy #climatechange #GE2017,False,False,,2017-06-01 10:35:01,1,0,"[{'text': 'energy', 'indices': [107, 114]}, {'text': 'climatechange', 'indices': [115, 129]}, {'text': 'GE2017', 'indices': [130, 137]}]",229,False,"East, England",,en
21919,1,Totally dangerous that climate change disinformation from the right will set US back AND WEAKEN our leadership role‚Ä¶ https://t.co/ZeEw31fbwW,870228440364052480,Totally dangerous that climate change disinformation from the right will set US back AND WEAKEN our leadership role‚Ä¶ https://t.co/ZeEw31fbwW,False,True,"GUTFELD: The Paris climate accord is fueled by a lie. Kill it, then let's dance on its grave. (via @TheFive) https://t.co/uDn0u4Hkfq",2017-06-01 10:40:02,0,0,[],48,False,,,en
21920,1,RT @ChrisCuomo: because it is really hard to find a respected scientist who doesn't put stock in global warming. https://t.co/ShPNWHOGDK,870230488090382336,RT @ChrisCuomo: because it is really hard to find a respected scientist who doesn't put stock in global warming. https://t.co/ShPNWHOGDK,True,False,,2017-06-01 10:48:11,72,428,[],1426093,True,In the Arena,,en
21921,2,RT @nytimes: What would it mean for the biggest carbon polluter to abandon the most ambitious effort to fight climate change? https://t.co/‚Ä¶,870231662168166400,RT @nytimes: What would it mean for the biggest carbon polluter to abandon the most ambitious effort to fight climate change? https://t.co/‚Ä¶,True,False,,2017-06-01 10:52:51,470,451,[],44855338,True,New York City,,en
21922,1,"RT @cbryanjones: The list of countries who have turned their back on addressing climate change is short: Syria, Nicaragua, and ‚Ä¶ the United‚Ä¶",870231690538627072,n,n,n,n,n,-999,-999,n,-999,-999,n,-999.0,n
21923,2,RT @Energydesk: Exxon shareholders have moved to force the company to disclose the risk climate change poses to its business‚Ä¶,870232702766723072,RT @Energydesk: Exxon shareholders have moved to force the company to disclose the risk climate change poses to its business https://t.co/H‚Ä¶,True,False,,2017-06-01 10:56:59,2,2,[],30329,True,London,,en
21924,2,Chinese &amp; EU officials have been working to agree a joint statement on climate change &amp; clean energy #EUChinaSummit https://t.co/gQiHAkNm3B,870232744575553536,Chinese &amp; EU officials have been working to agree a joint statement on climate change &amp; clean energy #EUChinaSummit https://t.co/gQiHAkNm3B,False,False,,2017-06-01 10:57:09,1,0,"[{'text': 'EUChinaSummit', 'indices': [109, 123]}]",1533,False,Sth Holland & Deepings Europe,,en
21925,2,US researchers claim ‚ÄòBeef ban‚Äô can mitigate climate change. https://t.co/DnUtEIDf6C via @postcard_news,870233758535868416,US researchers claim ‚ÄòBeef ban‚Äô can mitigate climate change. https://t.co/DnUtEIDf6C via @postcard_news,False,False,,2017-06-01 11:01:10,0,0,[],5574,False,New Delhi,,en
21926,2,"Boris Johnson 'continues to lobby' US on climate change, Trump's decision on Paris agreement looms https://t.co/VPSwATN2Cz #http://finance‚Ä¶",870235778084941824,n,n,n,n,n,-999,-999,n,-999,-999,n,-999.0,n
21927,1,RT @DavidCornDC: Thanks. But I'm old enough to remember when you mocked Obama for making climate change a priority. https://t.co/sUJYEF7Iwm,870244381734907904,RT @DavidCornDC: Thanks. But I'm old enough to remember when you mocked Obama for making climate change a priority. https://t.co/sUJYEF7Iwm,True,False,,2017-06-01 11:43:23,4752,11707,[],790941,True,"Washington, DC",,en
21928,1,"RT @DWStweets: In South Florida, we don't have the luxury of denying climate change because we're dealing with the reality of it every day.",870248522389606400,"RT @DWStweets: In South Florida, we don't have the luxury of denying climate change because we're dealing with the reality of it every day.",True,False,,2017-06-01 11:59:50,125,492,[],363815,True,"Weston, FL & Washington, D.C.",,en
21929,-1,@peddoc63 I think ol' Joe has had too much #Covfefe already....the left all need valium before they add to faux 'global warming',870250535957348352,@peddoc63 I think ol' Joe has had too much #Covfefe already....the left all need valium before they add to faux 'global warming',False,False,,2017-06-01 12:07:50,0,0,"[{'text': 'Covfefe', 'indices': [43, 51]}]",4075,False,"West Virginia, USA by way of Colorado, Oregon, Oklahoma, Ohio & Virginia",,en
21930,1,"With climate change, Trump may send the USA on a one way ride to true and permanent decline.",870251493575675905,"With climate change, Trump may send the USA on a one way ride to true and permanent decline.",False,False,,2017-06-01 12:11:39,0,0,[],26,False,,,en
21931,0,watched politics last night and realized that republicans only care about taxes and global warming...#petty,870251508947922944,n,n,n,n,n,-999,-999,n,-999,-999,n,-999.0,n
21932,2,Trump to announce decision on climate change Thursday https://t.co/HQdEUgDzmG,870253664677515264,Trump to announce decision on climate change Thursday https://t.co/HQdEUgDzmG,False,False,,2017-06-01 12:20:16,0,0,[],1301,False,"Montgomery County, PA",,en
21933,-1,"The only climate change we ALL need to be concerned with is when we meet face 2 face with Christ.
Amos 4:12 -'...pr‚Ä¶ https://t.co/Ogg4QcIc3M",870257819794198528,"The only climate change we ALL need to be concerned with is when we meet face 2 face with Christ.
Amos 4:12 -""...pr‚Ä¶ https://t.co/Ogg4QcIc3M",False,True,@RedHourBen @jaketapper https://t.co/4Pp2CqVl0F,2017-06-01 12:36:47,2,1,[],365,False,Queen City Baptist Church,,en
21934,1,RT @existentialfish: look at the screenshot! someone's actually covering climate change!!! https://t.co/2wqnXCbEBW,870257857341652992,RT @existentialfish: look at the screenshot! someone's actually covering climate change!!! https://t.co/2wqnXCbEBW,True,False,,2017-06-01 12:36:56,17,69,[],19198,False,"Washington, DC",,en
21935,1,RT @guardian: The top five worst things Donald Trump has done on climate change ‚Äì so far https://t.co/GjhFwkUmqC,870259866174140416,RT @guardian: The top five worst things Donald Trump has done on climate change ‚Äì so far https://t.co/GjhFwkUmqC,True,False,,2017-06-01 12:44:55,67,60,[],8256204,True,London,,en
21936,1,RT @BramnessEllen: We need to tap into the science base to enable insurance to fill its role in handling climate change @Finnor at #InsConf‚Ä¶,870259878333493248,RT @BramnessEllen: We need to tap into the science base to enable insurance to fill its role in handling climate change @Finnor at #InsConf‚Ä¶,True,False,,2017-06-01 12:44:58,1,0,"[{'text': 'InsConf17', 'indices': [112, 122]}]",110,False,"Finance Norway, Oslo",,en
21937,1,I'm now convinced that no action against climate change is necessary. /s https://t.co/NGM9l5f1WL,870261065682210817,I'm now convinced that no action against climate change is necessary. /s https://t.co/NGM9l5f1WL,False,True,"Republican congressman says God will ""take care of"" climate change https://t.co/bnTczTPpSK",2017-06-01 12:49:41,9,44,[],18358,False,United States,,en
21938,1,"RT @Honey17011: A guide to global warming, Paris pact and the US role #DemForce #TheResistance #UniteBlue https://t.co/RYiBLwAJZ4",870263065329098753,n,n,n,n,n,-999,-999,n,-999,-999,n,-999.0,n
21939,0,"Dilbert 1, Yale 0: So Scott Adams wrote a Dilbert cartoon poking fun at climate change scientists: View attachment‚Ä¶ https://t.co/x9pHXVzjtP",870268210313969670,"Dilbert 1, Yale 0: So Scott Adams wrote a Dilbert cartoon poking fun at climate change scientists: View attachment‚Ä¶ https://t.co/x9pHXVzjtP",False,False,,2017-06-01 13:18:04,0,0,[],100,False,,,en
21940,1,RT @ronloch: A call to arms-full-of-cash: How investors can mobilize against climate change https://t.co/OSTJH2pS7X va @GreenBiz #CSR #impa‚Ä¶,870272257989496833,n,n,n,n,n,-999,-999,n,-999,-999,n,-999.0,n
21941,2,#SMARTPipsHub Finance: LIVE: Trump to announce Paris climate change decision at 3pm ET - https://t.co/juMpTszKlo‚Ä¶ https://t.co/IabFqTnrTw,870273287259140097,n,n,n,n,n,-999,-999,n,-999,-999,n,-999.0,n
21942,-1,The funniest thing in the world is a Liberal who believes in climate change......and smokes (anything). ÔøΩÔøΩÔøΩÔøΩ,870275388882247682,The funniest thing in the world is a Liberal who believes in climate change......and smokes (anything). ü§£ü§£,False,False,,2017-06-01 13:46:36,0,0,[],906,False,United States,,en
21943,2,RT @MotherJones: Exxon investors staged an unprecedented fight against the board over climate change‚Äîand won https://t.co/k8cre8L6D8,870278537445425152,RT @MotherJones: Exxon investors staged an unprecedented fight against the board over climate change‚Äîand won https://t.co/k8cre8L6D8,True,False,,2017-06-01 13:59:06,132,162,[],809318,True,,,en
21944,1,"RT @wakmax: Ignore Trump for now. Reflect on how far cooperation on climate change has come with EU China, India ploughing ahead https://t.‚Ä¶",870280632898920448,"RT @wakmax: Ignore Trump for now. Reflect on how far cooperation on climate change has come with EU China, India ploughing ahead https://t.‚Ä¶",True,False,,2017-06-01 14:07:26,2,2,[],2003,False,"London, England",,en
21945,1,RT @60milliongirls: RT @GPforEducation Education makes people less vulnerable to the effects of climate change. https://t.co/O719y39D7x ht‚Ä¶,870280639869616128,RT @60milliongirls: RT @GPforEducation Education makes people less vulnerable to the effects of climate change. https://t.co/O719y39D7x  ht‚Ä¶,True,False,,2017-06-01 14:07:28,2,1,[],4056,False,"Montr√©al, QC, Canada",,en
21946,-1,"@Jim_Gilman @JoelQuatro84 @mistercarter7 @uptownlinda @washingtonpost ...finally admit it. Yes, global warming is f‚Ä¶ https://t.co/3IkIKdOP7u",870283555099815936,"@Jim_Gilman @JoelQuatro84 @mistercarter7 @uptownlinda @washingtonpost ...finally admit it. Yes, global warming is f‚Ä¶ https://t.co/3IkIKdOP7u",False,False,,2017-06-01 14:19:03,0,0,[],3,False,,,en
21947,2,RT @Kelt_Bio: Trump can‚Äôt stop corporate America from fighting climate change: https://t.co/aBfEOTjCtM via @slate,870283574544674818,RT @Kelt_Bio: Trump can‚Äôt stop corporate America from fighting climate change: https://t.co/aBfEOTjCtM via @slate,True,False,,2017-06-01 14:19:07,1,1,[],3146,False,,,en
21948,1,@1a @tomkarako This would be a great day to talk about climate change and the Paris agreement. a large amount of pe‚Ä¶ https://t.co/wQDkPqIzqZ,870284561732718592,@1a @tomkarako This would be a great day to talk about climate change and the Paris agreement. a large amount of pe‚Ä¶ https://t.co/wQDkPqIzqZ,False,False,,2017-06-01 14:23:03,0,0,[],0,False,,,en
21949,2,RT @rbaker65708: Exxon's shareholders just forced the oil giant's hand on climate change https://t.co/C9vmz6D7GP via @motherjones,870286585018941440,n,n,n,n,n,-999,-999,n,-999,-999,n,-999.0,n
21950,2,RT @TIME: Republican congressman says God will 'take care of' climate change https://t.co/bnTczTPpSK,870288742589837312,"RT @TIME: Republican congressman says God will ""take care of"" climate change https://t.co/bnTczTPpSK",True,False,,2017-06-01 14:39:40,576,522,[],16531521,True,,,en
21951,1,@mashable @meljmcd We have to get through to people re: climate change. Trump is the anti-change,870288753646071809,@mashable @meljmcd We have to get through to people re: climate change. Trump is the anti-change,False,False,,2017-06-01 14:39:42,1,1,[],1397,False,"The Players Theatre, NYC",,en
21952,1,Citizens against climate change: legal action surge indicates a growing global hunger for accountability https://t.co/VDyB6PV3Wy,870293141278121984,Citizens against climate change: legal action surge indicates a growing global hunger for accountability https://t.co/VDyB6PV3Wy,False,False,,2017-06-01 14:57:08,0,1,[],52913,False,UK,,en
21953,2,RT @rulajebreal: China reprimands Trump: There is an international responsibility to act over climate change. https://t.co/DGF3PEQxPb,870297412333486080,RT @rulajebreal: China reprimands Trump: There is an international responsibility to act over climate change. https://t.co/DGF3PEQxPb,True,False,,2017-06-01 15:14:07,82,174,[],128654,True,United States,,en
21954,1,Lets wait 100 years for new set of brilliant minds to confirm climate change then. Oh wait...there won't be any. https://t.co/zVA2ylqOEz,870298421680377856,Lets wait 100 years for new set of brilliant minds to confirm climate change then. Oh wait...there won't be any. https://t.co/zVA2ylqOEz,False,True,The most brilliant minds on the planet once agreed the Earth was flat. Consensus doesn't equal science. #ParisAgreement,2017-06-01 15:18:07,0,0,[],308,False,Everywhere You Go,,en
21955,1,RT @ngadventure: This photographer spent most of his life watching Arctic climate change. Here's what he's learned. #MyClimateAction https:‚Ä¶,870307372341874688,RT @ngadventure: This photographer spent most of his life watching Arctic climate change. Here's what he's learned. #MyClimateAction https:‚Ä¶,True,False,,2017-06-01 15:53:41,295,406,"[{'text': 'MyClimateAction', 'indices': [99, 115]}]",135999,True,,,en
21956,1,RT @NRDC: 62% of Americans say the effect of global warming are happening NOW. @NRDC will continue to fight for climate actio‚Ä¶,870317067941138436,RT @NRDC: 62% of Americans say the effect of global warming are happening NOW. @NRDC will continue to fight for climate action! #ActOnClima‚Ä¶,True,False,,2017-06-01 16:32:13,161,213,[],332371,True,Planet Earth,,en
21957,2,"In Massachusetts, it's not just Democrats urging Trump to stay in the Paris climate change agreement https://t.co/cm5enu0gK6",870317083992764417,n,n,n,n,n,-999,-999,n,-999,-999,n,-999.0,n
21958,2,#Egypt #France #Italy The Latest: China calls climate change ‚Äòglobal consensus‚Äô https://t.co/WvJ4C7JjuY https://t.co/7Z9KuAUnkd,870317090485321728,n,n,n,n,n,-999,-999,n,-999,-999,n,-999.0,n
21959,2,#Ankara #London #Berlin The Latest: China calls climate change ‚Äòglobal consensus‚Äô https://t.co/yluXVcrSx7 https://t.co/es6kmtebHE,870317094155321344,n,n,n,n,n,-999,-999,n,-999,-999,n,-999.0,n
21960,1,You'd think that even climate change deniers could get behind this solely from an economic standpoint. A Paris pull‚Ä¶ https://t.co/IWPVXMA7TL,870319290771283969,You'd think that even climate change deniers could get behind this solely from an economic standpoint. A Paris pull‚Ä¶ https://t.co/IWPVXMA7TL,False,False,,2017-06-01 16:41:03,0,2,[],705,False,"Massachusetts, USA",,en
21961,1,RT @JordanChariton: And this is the kind of he said/she said journalism that keeps the masses dumb on climate change #ParisAgreement https:‚Ä¶,870320392153559040,RT @JordanChariton: And this is the kind of he said/she said journalism that keeps the masses dumb on climate change #ParisAgreement https:‚Ä¶,True,False,,2017-06-01 16:45:25,45,101,"[{'text': 'ParisAgreement', 'indices': [97, 112]}]",94323,True,"New York, NY",,en
21962,2,Economist: climate change won‚Äôt be the only major concern if Trump pulls out of the Paris Accord https://t.co/43OkPj0ThU,870323534186393600,Economist: climate change won‚Äôt be the only major concern if Trump pulls out of the Paris Accord https://t.co/43OkPj0ThU,False,False,,2017-06-01 16:57:55,0,0,[],3973,False,,,en
21963,1,"@manmademoon Wow, really??! GOP rep: If climate change is real, God will 'take care of it' https://t.co/WKe9tKYqEe",870323542696509440,"@manmademoon Wow, really??!   GOP rep: If climate change is real, God will 'take care of it' https://t.co/WKe9tKYqEe",False,False,,2017-06-01 16:57:57,9,18,[],302,False,Vancouver,,en
21964,2,GOP congressman who believes in climate change says God will 'take care of it' https://t.co/ewPvNw5uvr,870326415001919488,GOP congressman who believes in climate change says God will 'take care of it' https://t.co/ewPvNw5uvr,False,False,,2017-06-01 17:09:21,0,0,[],111,False,"Hayward, CA ",,en
21965,2,"RT @kylegriffin1: Chinese premier to Trump: 'Fighting climate change is a global consensus, it's not invented by China.' https://t.co/tWsut‚Ä¶",870332555177869313,"RT @kylegriffin1: Chinese premier to Trump: 'Fighting climate change is a global consensus, it's not invented by China.' https://t.co/tWsut‚Ä¶",True,False,,2017-06-01 17:33:45,2545,4778,[],668251,True,"Manhattan, NY",,en
21966,1,"RT @RichardDawkins: Yes, climate change is real. And, yes, humans are responsible. But don‚Äôt worry, God will intervene (Congressman): http‚Ä¶",870333586834157573,n,n,n,n,n,-999,-999,n,-999,-999,n,-999.0,n
21967,1,"@UKLabour All governments (except 47) being too slow on climate change, please come out and show us you would ACT f‚Ä¶ https://t.co/WyF4CfVUXU",870335478603669509,"@UKLabour All governments (except 47) being too slow on climate change, please come out and show us you would ACT f‚Ä¶ https://t.co/WyF4CfVUXU",False,True,"Climate change policy &amp; action is like a deer in your car headlights at night. Too slow...
https://t.co/Iu0pujDQco‚Ä¶ https://t.co/DVV2NgZodk",2017-06-01 17:45:22,0,0,[],941,False,,,en
21968,1,"RT @jangir_SK6886: @Gurmeetramrahim These nature disasters are the results of global warming and lack of trees....
Bless to all victims fam‚Ä¶",870335505199755266,n,n,n,n,n,-999,-999,n,-999,-999,n,-999.0,n
21969,1,RT @chelseahandler: North Korea believes in climate change. We are the only country in the world that has a political party who denies clim‚Ä¶,870337512463413248,RT @chelseahandler: North Korea believes in climate change. We are the only country in the world that has a political party who denies clim‚Ä¶,True,False,,2017-06-01 17:53:27,5836,19306,[],8219230,True,"Los Angeles, CA",,en
21970,1,Get real on climate change PLEASE https://t.co/v4wTucKfXo #nopipelines #stopkindermorgan https://t.co/PAUtyGWE6d,870340446177943552,Get real on climate change PLEASE https://t.co/v4wTucKfXo  #nopipelines #stopkindermorgan https://t.co/PAUtyGWE6d,False,False,,2017-06-01 18:05:07,0,0,"[{'text': 'nopipelines', 'indices': [59, 71]}, {'text': 'stopkindermorgan', 'indices': [72, 89]}]",553,False,Kamloops,,en
21971,1,"@Acosta @Sophiemcneill maybe we can fill it with climate change deniers, what? we'd have to freeze them first?!... well... ok...",870340491308441600,n,n,n,n,n,-999,-999,n,-999,-999,n,-999.0,n
